Game Name,Launch Date,Price,Image,Description
Battlefield™ 6,"10 Oct, 2025","₹3,999.00",https://shared.fastly.steamstatic.com/store_item_assets/steam/apps/2807960/6b9c615389a493dc89bbb51eec1f91d32c2562f0/capsule_sm_120.jpg?t=1754001934,"The ultimate all-out warfare experience. In a war of tanks, fighter jets, and massive combat arsenals, your squad is the deadliest weapon."
Counter-Strike 2,"21 Aug, 2012",Free,https://shared.fastly.steamstatic.com/store_item_assets/steam/apps/730/capsule_sm_120.jpg?t=1749053861,"For over two decades, Counter-Strike has offered an elite competitive experience, one shaped by millions of players from across the globe. And now the next chapter in the CS story is about to begin. This is Counter-Strike 2."
Grounded 2,"29 Jul, 2025","₹2,499.00",https://shared.fastly.steamstatic.com/store_item_assets/steam/apps/2661300/e7f3c89538d758760b7d14ed8d3704e596db2c64/capsule_sm_120.jpg?t=1753914927,"Shrunk again, but the world is much larger. In this open-world, single-player or co-op survival adventure, craft weapons and armor, build your base, and traverse the playground on your buggy. But something else is out there—and it hasn’t forgotten you."
PUBG: BATTLEGROUNDS,"21 Dec, 2017",Free,https://shared.fastly.steamstatic.com/store_item_assets/steam/apps/578080/14f42ab797699a9c9f137fda66582d8776da4330/capsule_sm_120.jpg?t=1746590920,"PUBG: BATTLEGROUNDS, the high-stakes winner-take-all shooter that started the Battle Royale craze, is free-to-play! Drop into diverse maps, loot unique weapons and supplies, and survive in an ever-shrinking zone where every turn could be your last."
Steam Deck,"17 Jan, 2025",No price,https://shared.fastly.steamstatic.com/store_item_assets/steam/apps/1675200/capsule_sm_120.jpg?t=1699990406,No description found
Dead by Daylight,"14 Jun, 2016",₹463.00,https://shared.fastly.steamstatic.com/store_item_assets/steam/apps/381210/9f1e64f28a301f50bd6540be33a4f7fedb27b1dc/capsule_sm_120_alt_assets_2.jpg?t=1753818200,No description found
PEAK,"16 Jun, 2025",₹359.00,https://shared.fastly.steamstatic.com/store_item_assets/steam/apps/3527290/1844964d7a353e50eb3cc979ea922729d8c1b0ad/capsule_sm_120.jpg?t=1753856675,"PEAK is a co-op climbing game where the slightest mistake can spell your doom. Either solo or as a group of lost nature scouts, your only hope of rescue from a mysterious island is to scale the mountain at its center. Do you have what it takes to reach the PEAK?"
Umamusume: Pretty Derby,"24 Jun, 2025",Free,https://shared.fastly.steamstatic.com/store_item_assets/steam/apps/3224770/8ec1b9ecbdf9af10a1c21aaf1b2a2f3be58bf097/capsule_sm_120.jpg?t=1750819298,Umamusume: Pretty Derby is ready to race! Scout featured trainees and supporters as you navigate the immersive sports life simulation through the game's in-depth training system and top-of-the-line 3D graphics!
Marvel Rivals,"5 Dec, 2024",Free,https://shared.fastly.steamstatic.com/store_item_assets/steam/apps/2767030/c984653538cfda1d1b195bd396b58936c2c65ae7/capsule_sm_120.jpg?t=1753953067,"Marvel Rivals is a Super Hero Team-Based PVP Shooter! Assemble an all-star Marvel squad, devise countless strategies by combining powers to form unique Team-Up skills and fight in destructible, ever-changing battlefields across the continually evolving Marvel universe!"
Warframe,"25 Mar, 2013",Free,https://shared.fastly.steamstatic.com/store_item_assets/steam/apps/230410/32cfd7990963771dfe7d3a9f6990b1bbc7bcf3f8/capsule_sm_120.jpg?t=1753110568,No description found
Apex Legends™,"4 Nov, 2020",Free,https://shared.fastly.steamstatic.com/store_item_assets/steam/apps/1172470/8d77e0d1ebca6d389b6330cf408936eb93484aee/capsule_sm_120.jpg?t=1749122685,"Apex Legends is the award-winning, free-to-play Hero Shooter from Respawn Entertainment. Master an ever-growing roster of legendary characters with powerful abilities, and experience strategic squad play and innovative gameplay in the next evolution of Hero Shooter and Battle Royale."
NINJA GAIDEN: Ragebound,"31 Jul, 2025",₹990.00,https://shared.fastly.steamstatic.com/store_item_assets/steam/apps/2542120/f3ea00793bea7b34b72ccd80b033547e22fd186c/capsule_sm_120.jpg?t=1754037922,"A brand-new side-scrolling entry to the NINJA GAIDEN series from the team behind Blasphemous, NINJA GAIDEN: Ragebound redefines the classic platformer saga in a spectacular, thrilling and challenging ninja adventure."
Ready or Not,"13 Dec, 2023","₹1,995.00",https://shared.fastly.steamstatic.com/store_item_assets/steam/apps/1144200/capsule_sm_120.jpg?t=1753984272,"Ready or Not is an intense, tactical, first-person shooter that depicts a modern-day world in which SWAT police units are called to defuse hostile and confronting situations."
Rust,"8 Feb, 2018","₹1,700.00",https://shared.fastly.steamstatic.com/store_item_assets/steam/apps/252490/21aac0b6e20e1ba12f635e7deb730e32a51afbd5/capsule_sm_120.jpg?t=1747389753,"The only aim in Rust is to survive. Everything wants you to die - the island’s wildlife, other inhabitants, the environment, and other survivors. Do whatever it takes to last another night."
Mage Arena,"24 Jul, 2025",₹155.00,https://shared.fastly.steamstatic.com/store_item_assets/steam/apps/3716600/54dd4bd8386d010d2d8997707c00b5369c0a2344/capsule_sm_120.jpg?t=1753574038,A co-op PvP experience about using your voice to cast spells in the Mage Arena to settle an ages-old feud between sorcerers and warlocks.
Against the Storm,"8 Dec, 2023",₹499.00,https://shared.fastly.steamstatic.com/store_item_assets/steam/apps/1336490/capsule_sm_120.jpg?t=1753981003,"A dark fantasy city builder where you must rebuild civilization in the face of apocalyptic rains. As the Queen’s Viceroy, lead humans, beavers, lizards, foxes, and harpies to reclaim the wilderness and secure a future for civilization's last survivors."
Kingdom Come: Deliverance II,"4 Feb, 2025","₹2,352.00",https://shared.fastly.steamstatic.com/store_item_assets/steam/apps/1771300/93e28946c46f09d761bbfab1e17e8c1c4a8323a0/capsule_sm_120.jpg?t=1749563653,No description found
Destiny 2,"1 Oct, 2019",Free,https://shared.fastly.steamstatic.com/store_item_assets/steam/apps/1085660/capsule_sm_120.jpg?t=1753830262,"Destiny 2 is an action MMO with a single evolving world that you and your friends can join anytime, anywhere, absolutely free."
Frosthaven,"31 Jul, 2025","₹1,440.00",https://shared.fastly.steamstatic.com/store_item_assets/steam/apps/2347080/a6b7b547d523b9fc2ef12ae0731156a30c0cb65f/capsule_sm_120.jpg?t=1753981492,"From the creative mind of Isaac Childres, the highly acclaimed board game moves to the digital realm in the video game adaptation of FROSTHAVEN! The dark fantasy tactical RPG features deep mechanics and challenging yet satisfying gameplay both in Single Player and Co-Op Online Multiplayer."
Once Human,"9 Jul, 2024",Free,https://shared.fastly.steamstatic.com/store_item_assets/steam/apps/2139460/cc8d3737ca2fb11bcea6b2a6175393551cdb7a76/capsule_sm_120.jpg?t=1753837188,"Once Human is a multiplayer open-world survival game set in a strange, post-apocalyptic future. Unite with friends to fight monstrous enemies, uncover secret plots, compete for resources, and build your own territory. Once, you were merely human. Now, you have the power to remake the world."
ELDEN RING NIGHTREIGN,"29 May, 2025","₹2,499.00",https://shared.fastly.steamstatic.com/store_item_assets/steam/apps/2622380/ebb1fa8942602fd59b68d9847aade6c0a300def4/capsule_sm_120_alt_assets_0.jpg?t=1753977256,"ELDEN RING NIGHTREIGN is a standalone adventure within the ELDEN RING universe, crafted to offer players a new gaming experience by reimagining the game’s core design."
Tom Clancy's Rainbow Six® Siege X,"1 Dec, 2015",Free,https://shared.fastly.steamstatic.com/store_item_assets/steam/apps/359550/429275e1f06a9697892acdc57ae0a9d06bafe9f1/capsule_sm_120.jpg?t=1753192754,"Rainbow Six Siege X is the reference in tactical team shooters, where elite strategy and execution triumph. Enjoy free access to Quick Match, Unranked and Dual Front game modes with a selection of operators."
Delta Force,"4 Dec, 2024",Free,https://shared.fastly.steamstatic.com/store_item_assets/steam/apps/2507950/79b44f29ee15bbf7cd90568eecd83d2206fd49b9/capsule_sm_120_alt_assets_4.jpg?t=1753340669,"Delta Force is back! The iconic series returns as the definitive free-to-play modern team-based tactical shooter and featuring three distinct gameplay modes: large-scale PvP warfare, intense extraction shooter action, and a remake of the legendary Black Hawk Down campaign."
Tales of the Shire: A The Lord of The Rings™ Game,"29 Jul, 2025","₹1,349.00",https://shared.fastly.steamstatic.com/store_item_assets/steam/apps/2016460/capsule_sm_120.jpg?t=1753985707,"Welcome home, Hobbit! Live the cosy life of a Hobbit in the wonderfully serene landscape of the Shire. Discover, decorate, & share in this idyllic corner of Middle-earth. Join friendly Hobbits & familiar faces awaiting your arrival in Tales of the Shire: A The Lord of the Rings™ Game."
Team Fortress 2,"10 Oct, 2007",Free,https://shared.fastly.steamstatic.com/store_item_assets/steam/apps/440/capsule_sm_120.jpg?t=1745368581,"Nine distinct classes provide a broad range of tactical abilities and personalities. Constantly updated with new game modes, maps, equipment and, most importantly, hats!"
RimWorld,"17 Oct, 2018","₹1,500.00",https://shared.fastly.steamstatic.com/store_item_assets/steam/apps/294100/capsule_sm_120.jpg?t=1752247312,"A sci-fi colony sim driven by an intelligent AI storyteller. Generates stories by simulating psychology, ecology, gunplay, melee combat, climate, biomes, diplomacy, interpersonal relationships, art, medicine, trade, and more."
The Sims™ 4,"18 Jun, 2020",Free,https://shared.fastly.steamstatic.com/store_item_assets/steam/apps/1222670/capsule_sm_120.jpg?t=1752166846,Play with life and discover the possibilities. Unleash your imagination and create a world of Sims that’s wholly unique. Explore and customize every detail from Sims to homes–and much more.
Demon Slayer -Kimetsu no Yaiba- The Hinokami Chronicles 2,"5 Aug, 2025","₹4,799.00",https://shared.fastly.steamstatic.com/store_item_assets/steam/apps/2928600/b50db5f9f322a8b4d99e0f524e7e9f99b06f0a44/capsule_sm_120.jpg?t=1753951057,Destroy demons with the power of forged bonds! Tanjiro Kamado's battle will once again unfold…
HITMAN World of Assassination,"20 Jan, 2022",₹140.00,https://shared.fastly.steamstatic.com/store_item_assets/steam/apps/1659040/de0effc5b3f6e0b19d6a50f204a773ec2fcd0df5/capsule_sm_120_alt_assets_10.jpg?t=1753373761,No description found
War Thunder,"15 Aug, 2013",Free,https://shared.fastly.steamstatic.com/store_item_assets/steam/apps/236390/d6eec132c5925402220faece0a4a83131332852f/capsule_sm_120.jpg?t=1753375859,"War Thunder is the most comprehensive free-to-play, cross-platform, MMO military game dedicated to aviation, armoured vehicles, and naval craft, from the early 20th century to the most advanced modern combat units. Join now and take part in major battles on land, in the air, and at sea."
Dota 2,"9 Jul, 2013",Free,https://shared.fastly.steamstatic.com/store_item_assets/steam/apps/570/capsule_sm_120.jpg?t=1753914920,"Every day, millions of players worldwide enter battle as one of over a hundred Dota heroes. And no matter if it's their 10th hour of play or 1,000th, there's always something new to discover. With regular updates that ensure a constant evolution of gameplay, features, and heroes, Dota 2 has taken on a life of its own."
DOOM: The Dark Ages,"14 May, 2025","₹4,499.00",https://shared.fastly.steamstatic.com/store_item_assets/steam/apps/3017860/4b39d554fb3b3a48ff02e2f05bba7186a58052ce/capsule_sm_120.jpg?t=1749758252,No description found
Against the Storm - Nightwatchers,"31 Jul, 2025",₹449.00,https://shared.fastly.steamstatic.com/store_item_assets/steam/apps/3725110/09e7dda51b3470267ca4902ffb395fcfe9a65de2/capsule_sm_120.jpg?t=1753982319,No description found
NARAKA: BLADEPOINT,"11 Aug, 2021",Free,https://shared.fastly.steamstatic.com/store_item_assets/steam/apps/1203220/e3799623f5193c5d3b74c0b06a57ee0c24d893f3/capsule_sm_120.jpg?t=1753683770,"Dive into the legends of the Far East in NARAKA: BLADEPOINT; team up with friends in fast-paced melee fights for a Battle Royale experience unlike any other. Find your playstyle with a varied cast of heroes with unique skills. More than 20 million players have already joined the fray, play free now!"
EA SPORTS FC™ 26,"25 Sep, 2025","₹3,999.00",https://shared.fastly.steamstatic.com/store_item_assets/steam/apps/3405690/abca0fd9695521a046d407327d82f808162315f7/capsule_sm_120.jpg?t=1753783304,"The Club is Yours in EA SPORTS FC™ 26. Play your way with an overhauled gameplay experience powered by community feedback, Manager Live Challenges that bring fresh storylines to the new season, and Archetypes inspired by greats of the game."
Mafia: The Old Country,"7 Aug, 2025","₹2,899.00",https://shared.fastly.steamstatic.com/store_item_assets/steam/apps/1941540/4cba4ed7de77ea84d94e22eef5cd8c9b284e5b25/capsule_sm_120.jpg?t=1753995144,"Uncover the origins of organized crime in Mafia: The Old Country, a gritty mob story set in the brutal underworld of 1900s Sicily. Fight to survive as Enzo Favara and prove your worth to the Family in this immersive third-person action-adventure."
"Warhammer 40,000: Space Marine 2","9 Sep, 2024","₹1,539.00",https://shared.fastly.steamstatic.com/store_item_assets/steam/apps/2183900/capsule_sm_120.jpg?t=1751643527,Embody the superhuman skill and brutality of a Space Marine. Unleash deadly abilities and devastating weaponry to obliterate the relentless Tyranid swarms. Defend the Imperium in spectacular third-person action in solo or multiplayer modes.
Borderlands 4,"12 Sep, 2025","₹3,999.00",https://shared.fastly.steamstatic.com/store_item_assets/steam/apps/1285190/7f4b1a9cbe01d19fdcbf10ef5dce492098ef0ba8/capsule_sm_120.jpg?t=1752528595,No description found
Witchfire,"23 Sep, 2024","₹1,280.00",https://shared.fastly.steamstatic.com/store_item_assets/steam/apps/3156770/06e4bc261c1c0eb9b46c0a288555ecfe0ab51c2f/capsule_sm_120.jpg?t=1753719439,Witchfire is a first-person dark fantasy RPG shooter in which you play as a wicked sinner turned witch hunter on his final mission to reach salvation.
Street Fighter™ 6,"1 Jun, 2023","₹2,499.00",https://shared.fastly.steamstatic.com/store_item_assets/steam/apps/1364780/839acb399b7e6ccc7c66b921d4c037ae4e224acf/capsule_sm_120_alt_assets_15.jpg?t=1752729342,"Here comes Capcom’s newest challenger! Street Fighter™ 6 launches worldwide on June 2nd, 2023 and represents the next evolution of the Street Fighter™ series! Street Fighter 6 spans three distinct game modes, including World Tour, Fighting Ground and Battle Hub."
Baldur's Gate 3,"3 Aug, 2023","₹2,999.00",https://shared.fastly.steamstatic.com/store_item_assets/steam/apps/1086940/3dd81008e9c385caf68152450c22353f6a8abec9/capsule_sm_120.jpg?t=1748346026,No description found
HELLDIVERS™ 2,"8 Feb, 2024","₹2,499.00",https://shared.fastly.steamstatic.com/store_item_assets/steam/apps/553850/3bfaabaa23c8e1ca72c558782d7c7ff4cbc2e89a/capsule_sm_120.jpg?t=1752524800,No description found
Sifu,"28 Mar, 2023",₹312.00,https://shared.fastly.steamstatic.com/store_item_assets/steam/apps/2138710/capsule_sm_120.jpg?t=1750341389,No description found
Stellar Blade™,"11 Jun, 2025","₹4,799.00",https://shared.fastly.steamstatic.com/store_item_assets/steam/apps/3489700/75914656cad450124a18fef914c5a5f4866ffb67/capsule_sm_120.jpg?t=1751868063,No description found
Grand Theft Auto V Enhanced,"4 Mar, 2025","₹2,499.00",https://shared.fastly.steamstatic.com/store_item_assets/steam/apps/3240220/a318bd9affe8eee32984b18794b273c256e9b2d6/capsule_sm_120.jpg?t=1753974947,No description found
Torchlight: Infinite,"9 May, 2023",Free,https://shared.fastly.steamstatic.com/store_item_assets/steam/apps/1974050/c8648dca50ecc669b1ddacdbec6191763ede7305/capsule_sm_120.jpg?t=1753236534,"The fate of Ember Technology is in your hands. With abounding hero build possibilities, dive into an epic journey with endless loot, adrenaline-pumping fights & new seasonal contents."
R.E.P.O.,"26 Feb, 2025",₹480.00,https://shared.fastly.steamstatic.com/store_item_assets/steam/apps/3241660/28c1bb423e9af8646047e9e881c3a0ac121647f6/capsule_sm_120.jpg?t=1750949552,"An online co-op horror game with up to 6 players. Locate valuable, fully physics-based objects and handle them with care as you retrieve and extract to satisfy your creator's desires."
Wuthering Waves,"28 Apr, 2025",Free,https://shared.fastly.steamstatic.com/store_item_assets/steam/apps/3513350/a0d6f891d43e57b9ba2577faf75e5b1d3c681144/capsule_sm_120.jpg?t=1753312991,"Wuthering Waves is a story-rich open-world action RPG with a high degree of freedom. You wake from your slumber as Rover, joined by a vibrant cast of Resonators on a journey to reclaim your lost memories and change the world."
Magic: The Gathering Arena,"23 May, 2023",Free,https://shared.fastly.steamstatic.com/store_item_assets/steam/apps/2141910/capsule_sm_120.jpg?t=1749570015,"Magic: The Gathering Arena empowers you to discover your strategy, meet the planeswalkers, explore the multiverse, and battle friends around the world. Start playing for free, challenge your friends, unlock cards, and feel the magic of the original fantasy CCG!"
Cyberpunk 2077,"9 Dec, 2020","₹2,999.00",https://shared.fastly.steamstatic.com/store_item_assets/steam/apps/1091500/56bc5c6d8d285e9a470a76b7c4d84f087686a556/capsule_sm_120_alt_assets_8.jpg?t=1753355628,No description found
Killing Floor 3,"24 Jul, 2025","₹1,600.00",https://shared.fastly.steamstatic.com/store_item_assets/steam/apps/1430190/capsule_sm_120.jpg?t=1753910977,"It’s 2091 and megacorp Horzine has produced the ultimate army: an obedient horde of bioengineered monsters called zeds. Now, join the rebel group Nightfall in this co-op action/horror FPS that puts you and your teammates in a battle for the future of humanity."
F1® 25,"30 May, 2025","₹2,999.00",https://shared.fastly.steamstatic.com/store_item_assets/steam/apps/3059520/e5a63913fdbb2b641e64fddee542ab4c946b21cd/capsule_sm_120.jpg?t=1753372584,"Leave your mark on the world of racing in F1® 25, the official video game of the 2025 FIA Formula One World Championship™, featuring a revamped My Team mode, the thrilling third chapter of Braking Point, and more!"
Clair Obscur: Expedition 33,"24 Apr, 2025","₹2,980.00",https://shared.fastly.steamstatic.com/store_item_assets/steam/apps/1903340/001d4a5d81e4bb9055b789240e78e04ef6e6da38/capsule_sm_120.jpg?t=1753344076,No description found
Astral Party,"29 Feb, 2024",Free,https://shared.fastly.steamstatic.com/store_item_assets/steam/apps/2622000/161770009211fc0558719211d936c39046084b53/capsule_sm_120.jpg?t=1753934637,"Astral Party is a multiplayer party game populated by cute anime girls! Choose your favorite character, strategize skills & cards, and roll the dice to destroy friendships in this unique board game."
ELDEN RING,"25 Feb, 2022","₹3,599.00",https://shared.fastly.steamstatic.com/store_item_assets/steam/apps/1245620/capsule_sm_120.jpg?t=1748630546,No description found
The Elder Scrolls® Online,"23 May, 2017",₹399.00,https://shared.fastly.steamstatic.com/store_item_assets/steam/apps/306130/f38d05973ad01d20a0c9a49446a80017cb5f8f7d/capsule_sm_120.jpg?t=1752084841,No description found
Palworld,"19 Jan, 2024",₹975.00,https://shared.fastly.steamstatic.com/store_item_assets/steam/apps/1623730/4f823e476ad290ad4f19763e7d800723df422dfa/capsule_sm_120.jpg?t=1753943334,"Fight, farm, build and work alongside mysterious creatures called ""Pals"" in this completely new multiplayer, open world survival and crafting game!"
FINAL FANTASY XIV Online,"18 Feb, 2014",₹719.00,https://shared.fastly.steamstatic.com/store_item_assets/steam/apps/39210/2e45b2f419d0beed57ba1ff1d80a13d31f947d54/capsule_sm_120.jpg?t=1738089746,No description found
OCTOPATH TRAVELER II,"24 Feb, 2023","₹1,399.00",https://shared.fastly.steamstatic.com/store_item_assets/steam/apps/1971650/capsule_sm_120.jpg?t=1751339832,"This game is a brand-new entry in the OCTOPATH TRAVELER series, the first installment of which was initially released in 2018 and sold over 3 million copies worldwide."
RimWorld - Odyssey,"11 Jul, 2025","₹1,100.00",https://shared.fastly.steamstatic.com/store_item_assets/steam/apps/3022790/0ec2e24dc7d478bef541ef6f93ec7d24a1f8cffd/capsule_sm_120.jpg?t=1752242125,No description found
World of Warships,"15 Nov, 2017",Free,https://shared.fastly.steamstatic.com/store_item_assets/steam/apps/552990/d15c917f0bf11b48ec54c9de2f0ad638d3bf157c/capsule_sm_120.jpg?t=1753795420,"Immerse yourself in thrilling naval battles and assemble an armada of over 600 ships from the first half of the 20th century — from stealthy destroyers to gigantic battleships. Change the look of your ship, choose upgrades to suit your play style, and go into battle with other players!"
Limbus Company,"27 Feb, 2023",Free,https://shared.fastly.steamstatic.com/store_item_assets/steam/apps/1973530/capsule_sm_120.jpg?t=1747619569,"As the Executive Manager of Limbus Company, lead your group of twelve Sinners, venture into the buried facilities of Lobotomy Corporation, and lay claim on the Golden Boughs."
It Takes Two,"26 Mar, 2021",₹659.00,https://shared.fastly.steamstatic.com/store_item_assets/steam/apps/1426210/capsule_sm_120.jpg?t=1749142249,Embark on the craziest journey of your life in It Takes Two. Invite a friend to join for free with Friend’s Pass and work together across a huge variety of gleefully disruptive gameplay challenges. Winner of GAME OF THE YEAR at the Game Awards 2021.
Detroit: Become Human,"18 Jun, 2020",₹719.00,https://shared.fastly.steamstatic.com/store_item_assets/steam/apps/1222140/capsule_sm_120.jpg?t=1667468479,No description found
,,No price,https://shared.fastly.steamstatic.com/store_item_assets/steam/apps/2995920/capsule_sm_120.jpg?t=1733241802,"Download Friend's Pass* and play It Takes Two with a friend for free. Just grab a friend who owns the full game, download Friend's Pass for free, and play together!"
The Crew Motorfest,"18 Apr, 2024",₹699.00,https://shared.fastly.steamstatic.com/store_item_assets/steam/apps/2698940/capsule_sm_120.jpg?t=1752255310,"Welcome to Motorfest, the ultimate open-world driving experience. Explore the Hawaiian islands of O'ahu and Maui. Celebrate the best of car culture through 20+ themed campaigns (street racing, offroad, drift...) and collect hundreds of iconic vehicles. Enjoy the game free for five hours!"
Black Myth: Wukong,"20 Aug, 2024","₹3,599.00",https://shared.fastly.steamstatic.com/store_item_assets/steam/apps/2358720/b7f722ddd5e23503f598586aa3700dd4d827bb2d/capsule_sm_120.jpg?t=1749182199,No description found
Dune: Awakening,"10 Jun, 2025","₹2,799.00",https://shared.fastly.steamstatic.com/store_item_assets/steam/apps/1172710/4226e40ecd3f34c27a9ede320af531af24a57721/capsule_sm_120.jpg?t=1751664610,No description found
Split Fiction,"6 Mar, 2025","₹2,499.00",https://shared.fastly.steamstatic.com/store_item_assets/steam/apps/2001120/1988bcdc421d71cbe4c8c07940967e7a0cd752be/capsule_sm_120.jpg?t=1748910778,"Embrace mind-blowing moments as you’re pulled deep into the many worlds of Split Fiction, a boundary-pushing co-op adventure."
Dead by Daylight: The Walking Dead,"29 Jul, 2025",₹463.00,https://shared.fastly.steamstatic.com/store_item_assets/steam/apps/3884020/bf6279feee1a00192da1bb370eb617dc7c2adb12/capsule_sm_120.jpg?t=1753805324,No description found
THE FINALS,"8 Dec, 2023",Free,https://shared.fastly.steamstatic.com/store_item_assets/steam/apps/2073850/18cf1cd4acb51dd358aa10109eaff9ba9472102d/capsule_sm_120.jpg?t=1753779078,"Join THE FINALS, the world-famous, free-to-play, combat-centered game show! Fight alongside your teammates in virtual arenas that you can alter, exploit, and even destroy. Build your own playstyle in this first-person shooter to win escalating tournaments and lasting fame."
Riders Republic,"8 Jun, 2023",₹199.00,https://shared.fastly.steamstatic.com/store_item_assets/steam/apps/2290180/capsule_sm_120.jpg?t=1750951499,"Jump into a massive multiplayer playground! Bike, ski, snowboard, or wingsuit across an open world sports paradise."
Shadowverse: Worlds Beyond,"15 Jun, 2025",Free,https://shared.fastly.steamstatic.com/store_item_assets/steam/apps/2584990/be338a40ec9d7cc06d4b885f02b56edfb674c65f/capsule_sm_120.jpg?t=1750319997,"Shadowverse: Worlds Beyond is a brand-new strategy card game from the popular Shadowverse CCG. With the newly added super-evolution mechanic and Shadowverse Park, among other brand-new content, there is lots to enjoy for both seasoned and brand-new players."
The Elder Scrolls V: Skyrim Special Edition,"28 Oct, 2016",₹449.00,https://shared.fastly.steamstatic.com/store_item_assets/steam/apps/489830/capsule_sm_120.jpg?t=1753715778,No description found
Wallpaper Engine,"16 Nov, 2018",₹250.00,https://shared.fastly.steamstatic.com/store_item_assets/steam/apps/431960/capsule_sm_120.jpg?t=1739211362,Use stunning live wallpapers on your desktop. Animate your own images to create new wallpapers or import videos/websites and share them on the Steam Workshop!
The Elder Scrolls IV: Oblivion Remastered,"22 Apr, 2025","₹3,329.00",https://shared.fastly.steamstatic.com/store_item_assets/steam/apps/2623190/4efc3257aabd776d4624da40146fb021d1ef5b38/capsule_sm_120.jpg?t=1753715775,No description found
WUCHANG: Fallen Feathers,"24 Jul, 2025","₹3,150.00",https://shared.fastly.steamstatic.com/store_item_assets/steam/apps/2277560/7ad08d174b97880d3f611a068991b98471d1eb9c/capsule_sm_120.jpg?t=1753888317,"WUCHANG: Fallen Feathers is a soulslike, action RPG set in the land of Shu during the dark and tumultuous late Ming Dynasty, plagued with warring factions and a mysterious illness spawning monstrous creatures."
DELTARUNE,"4 Jun, 2025","₹1,099.00",https://shared.fastly.steamstatic.com/store_item_assets/steam/apps/1671210/capsule_sm_120.jpg?t=1749252480,"Dive into the parallel story to UNDERTALE! Fight or spare your way through action-packed battles as you explore a mysterious world alongside an endearing cast of new and familiar characters. Chapters 1-4 will be available on launch, with more planned as free updates!"
Fallout 76,"14 Apr, 2020",₹624.00,https://shared.fastly.steamstatic.com/store_item_assets/steam/apps/1151340/9fafce9a7ffd86523c6c3b4dbd755249a8538592/capsule_sm_120.jpg?t=1750779334,No description found
Call of Duty®: Warzone™,"16 Nov, 2022",Free,https://shared.fastly.steamstatic.com/store_item_assets/steam/apps/1962663/84a5d6150e49013a9b30c62d87cb5df602e2ef26/capsule_sm_120.jpg?t=1748534520,No description found
The First Descendant,"30 Jun, 2024",Free,https://shared.fastly.steamstatic.com/store_item_assets/steam/apps/2074920/a158040f15cc171b266f1abc944ab3105bcfe147/capsule_sm_120.jpg?t=1753257652,No description found
Hero's Land,"18 May, 2023",Free,https://shared.fastly.steamstatic.com/store_item_assets/steam/apps/2349820/c7b941611801ca8ca8b69cca97fd5f1cc957f1dc/capsule_sm_120_alt_assets_0.jpg?t=1754036212,"HERO'S LAND is an MMO PVPVE game where survival isn't just a goal—it's a necessity. Monsters and enemies are out to get you, making every encounter a potential ambush. Fight for glory, and welcome to a world where strategy and courage are your greatest assets."
Stardew Valley,"26 Feb, 2016",₹479.00,https://shared.fastly.steamstatic.com/store_item_assets/steam/apps/413150/capsule_sm_120.jpg?t=1711128146,"You've inherited your grandfather's old farm plot in Stardew Valley. Armed with hand-me-down tools and a few coins, you set out to begin your new life. Can you learn to live off the land and turn these overgrown fields into a thriving home?"
ARK: Survival Ascended,"26 Oct, 2023","₹3,700.00",https://shared.fastly.steamstatic.com/store_item_assets/steam/apps/2399830/capsule_sm_120.jpg?t=1750290390,"ARK is reimagined from the ground-up into the next-generation of video game technology with Unreal Engine 5! Form a tribe, tame & breed hundreds of unique dinosaurs and primeval creatures, explore, craft, build, and fight your way to the top of the food-chain. Your new world awaits!"
Euro Truck Simulator 2,"12 Oct, 2012",₹920.00,https://shared.fastly.steamstatic.com/store_item_assets/steam/apps/227300/da84d11d3ddd817e0cca299608b469a854d75ba5/capsule_sm_120.jpg?t=1753957314,"Travel across Europe as king of the road, a trucker who delivers important cargo across impressive distances! With dozens of cities to explore, your endurance, skill and speed will all be pushed to their limits."
Stronghold Crusader: Definitive Edition,"15 Jul, 2025",₹880.00,https://shared.fastly.steamstatic.com/store_item_assets/steam/apps/3024040/0cbdbc8f353e170207b9f797d41473bb7681d51e/capsule_sm_120_alt_assets_0.jpg?t=1753292258,"Gird your loins and sharpen your steel! Besiege 20 unique enemy lords and battle friends online, in this expanded remaster of the classic 'castle sim'. Relive history with new units, opponents, visuals, audio, campaigns, skirmish trails, co-op and larger maps."
Schedule I,"25 Mar, 2025",₹880.00,https://shared.fastly.steamstatic.com/store_item_assets/steam/apps/3164500/986ee9a7a25cb0e61d1530cc3cd7e3e06aa68733/capsule_sm_120.jpg?t=1751926051,"From small-time dope pusher to kingpin - manufacture and distribute a range of drugs throughout the grungy city of Hyland Point. Expand your empire with properties, businesses, employees and more."
Grounded 2: Founder’s Pack,"29 Jul, 2025",₹500.00,https://shared.fastly.steamstatic.com/store_item_assets/steam/apps/3788090/9bdfe586087998bec44cf023efde790126d75871/capsule_sm_120.jpg?t=1753807905,No description found
MOBILE SUIT GUNDAM BATTLE OPERATION 2,"31 May, 2023",Free,https://shared.fastly.steamstatic.com/store_item_assets/steam/apps/1367080/255f649eef32656da1e5b823ce5aef636e5123af/capsule_sm_120.jpg?t=1751494536,"This is a free-to-play team battle action game based on the ""Mobile Suit Gundam"" series of the Universal Century. Whether by land or by space, lay waste to your foes using either your favorite Mobile Suit or roam the battlefield as infantry and capture important objectives."
Assetto Corsa Competizione,"29 May, 2019",₹699.00,https://shared.fastly.steamstatic.com/store_item_assets/steam/apps/805550/capsule_sm_120.jpg?t=1740392896,"Assetto Corsa Competizione, the official GT World Challenge videogame. Thanks to the extraordinary quality of simulation, you will experience the atmosphere of the GT3 championship. Compete against official drivers, teams, cars and official circuits reproduced to the highest quality ever seen."
Abiotic Factor,"22 Jul, 2025","₹1,500.00",https://shared.fastly.steamstatic.com/store_item_assets/steam/apps/427410/792c28690469ffeea796dcbdc3c92c792150941f/capsule_sm_120.jpg?t=1753890309,No description found
Automobilista 2,"1 Jul, 2020",₹449.00,https://shared.fastly.steamstatic.com/store_item_assets/steam/apps/1066890/capsule_sm_120.jpg?t=1753977318,"Automobilista 2 is all the racing simulators you ever wanted - in just one. An incredibly diverse collection of cars and tracks cohesively simulated, featuring incredible graphics and audio quality, dynamic weather and track conditions and the best VR support for a racing experience like no other."
Crusader Kings III,"1 Sep, 2020",₹809.00,https://shared.fastly.steamstatic.com/store_item_assets/steam/apps/1158310/capsule_sm_120.jpg?t=1745933101,"Love, fight, scheme, and claim greatness. Determine your noble house’s legacy in the sprawling grand strategy of Crusader Kings III. Death is only the beginning as you guide your dynasty’s bloodline in the rich and larger-than-life simulation of the Middle Ages."
NBA 2K25,"29 Oct, 2024",₹919.00,https://shared.fastly.steamstatic.com/store_item_assets/steam/apps/2878980/capsule_sm_120.jpg?t=1751036637,"Command every court with authenticity and realism Powered by ProPLAY™, giving you ultimate control over how you play in NBA 2K25. Define your legacy in MyCAREER, MyTEAM, MyNBA, and The W."
Squad,"23 Sep, 2020","₹1,000.00",https://shared.fastly.steamstatic.com/store_item_assets/steam/apps/393380/e069cbeca98b633002e2d2202b4cc4ae58138549/capsule_sm_120.jpg?t=1753985465,"Squad is a tactical FPS that provides authentic combat experiences through teamwork, communication, and realistic combat. It bridges the gap between arcade shooter and military realism with 100-player battles, combined-arms warfare, and base building."
Grounded,"27 Sep, 2022","₹2,699.00",https://shared.fastly.steamstatic.com/store_item_assets/steam/apps/962130/capsule_sm_120.jpg?t=1727719725,"The world is a vast, beautiful and dangerous place – especially when you have been shrunk to the size of an ant. Can you thrive alongside the hordes of giant insects, fighting to survive the perils of the backyard?"
REMATCH,"19 Jun, 2025","₹1,170.00",https://shared.fastly.steamstatic.com/store_item_assets/steam/apps/2138720/d3ee28c2fa9929d49b59430f56dfa75a501c1cee/capsule_sm_120.jpg?t=1750327757,Control one player on your team and compete in fast-paced 5v5 matches from an immersive third-person perspective. Team up with your friends and join the action.
eFootball™,"30 Sep, 2021",Free,https://shared.fastly.steamstatic.com/store_item_assets/steam/apps/1665460/912c4fb238fe874b257c3c4578271fc9cc190365/capsule_sm_120.jpg?t=1750996206,The feverish football game with a worldwide total of 850 million downloads is waiting for you! Play eFootball™ with users around the world!
iRacing,"13 Jan, 2015",₹163.00,https://shared.fastly.steamstatic.com/store_item_assets/steam/apps/266410/capsule_sm_120.jpg?t=1751293140,"We are the world’s premier motorsports racing game. An iRacing membership provides entry into the newest form of motorsport: internet racing. Internet racing is a fun, easy, and inexpensive way for race fan and gamers alike to enjoy the thrill of the racetrack from the comfort of their home."
Summoners War,"8 Jan, 2024",Free,https://shared.fastly.steamstatic.com/store_item_assets/steam/apps/2426960/be2f693ff5b3bcde9305279f21f1a2e9fd020dbd/capsule_sm_120.jpg?t=1753866090,"A global hit RPG that captured the Summoners all around the world! Jump into the Sky Arena, a world under battle over the vital resource: Mana Crystals. Design your own deck and strategy using 1,000 Monsters to claim victory. Go on an epic adventure with your Monsters!"
